{
    "L888P": {
        "id": 33,
        "pos": 888,
        "ref": "L",
        "alt": "P",
        "target": "pathogenic",
        "count": 1,
        "n_pos": 2817,
        "d_to_active_site": 83.28516387939453,
        "d_to_ATP_site": 96.73057556152344,
        "d_to_mg_site_1": 82.9977035522461,
        "d_to_mg_site_2": 82.60042572021484,
        "consurf": -0.478,
        "p_con": 1.0,
        "n_con": 1.0,
        "sol_acc": 61,
        "ref_prop": 2,
        "alt_prop": 2,
        "exon": 19,
        "pfam_domain": 1,
        "rel_freq": 0.005813953488372093
    },
    "I363N": {
        "id": 34,
        "pos": 363,
        "ref": "I",
        "alt": "N",
        "target": "pathogenic",
        "count": 1,
        "n_pos": 1242,
        "d_to_active_site": 16.69406509399414,
        "d_to_ATP_site": 31.076271057128906,
        "d_to_mg_site_1": 19.560264587402344,
        "d_to_mg_site_2": 18.5999813079834,
        "consurf": -0.529,
        "p_con": 1.0,
        "n_con": 1.0,
        "sol_acc": 0,
        "ref_prop": 2,
        "alt_prop": 1,
        "exon": 9,
        "pfam_domain": 0,
        "rel_freq": 0.005813953488372093
    },
    "I810N": {
        "id": 35,
        "pos": 810,
        "ref": "I",
        "alt": "N",
        "target": "pathogenic",
        "count": 1,
        "n_pos": 2583,
        "d_to_active_site": 44.85554504394531,
        "d_to_ATP_site": 59.323204040527344,
        "d_to_mg_site_1": 43.5030403137207,
        "d_to_mg_site_2": 45.09523010253906,
        "consurf": -0.529,
        "p_con": 1.0,
        "n_con": 1.0,
        "sol_acc": 69,
        "ref_prop": 2,
        "alt_prop": 1,
        "exon": 18,
        "pfam_domain": 1,
        "rel_freq": 0.005813953488372093
    },
    "P808L": {
        "id": 36,
        "pos": 808,
        "ref": "P",
        "alt": "L",
        "target": "pathogenic",
        "count": 1,
        "n_pos": 2577,
        "d_to_active_site": 46.62017059326172,
        "d_to_ATP_site": 60.93483352661133,
        "d_to_mg_site_1": 45.94524002075195,
        "d_to_mg_site_2": 46.663448333740234,
        "consurf": -0.399,
        "p_con": 1.0,
        "n_con": 1.0,
        "sol_acc": 1,
        "ref_prop": 2,
        "alt_prop": 2,
        "exon": 18,
        "pfam_domain": 1,
        "rel_freq": 0.005813953488372093
    },
    "G316S": {
        "id": 37,
        "pos": 316,
        "ref": "G",
        "alt": "S",
        "target": "pathogenic",
        "count": 2,
        "n_pos": 1100,
        "d_to_active_site": 60.32735061645508,
        "d_to_ATP_site": 73.03730773925781,
        "d_to_mg_site_1": 59.34447479248047,
        "d_to_mg_site_2": 58.776756286621094,
        "consurf": -0.476,
        "p_con": 1.0,
        "n_con": 1.0,
        "sol_acc": 1,
        "ref_prop": 2,
        "alt_prop": 1,
        "exon": 8,
        "pfam_domain": 1,
        "rel_freq": 0.011627906976744186
    },
    "V129M": {
        "id": 38,
        "pos": 129,
        "ref": "V",
        "alt": "M",
        "target": "pathogenic",
        "count": 1,
        "n_pos": 539,
        "d_to_active_site": 54.36885452270508,
        "d_to_ATP_site": 67.30394744873047,
        "d_to_mg_site_1": 52.0786247253418,
        "d_to_mg_site_2": 52.796913146972656,
        "consurf": -0.527,
        "p_con": 1.0,
        "n_con": 1.0,
        "sol_acc": 7,
        "ref_prop": 2,
        "alt_prop": 2,
        "exon": 5,
        "pfam_domain": 0,
        "rel_freq": 0.005813953488372093
    },
    "L292R": {
        "id": 39,
        "pos": 292,
        "ref": "L",
        "alt": "R",
        "target": "pathogenic",
        "count": 1,
        "n_pos": 1029,
        "d_to_active_site": 48.92783737182617,
        "d_to_ATP_site": 61.30488967895508,
        "d_to_mg_site_1": 48.591773986816406,
        "d_to_mg_site_2": 47.341712951660156,
        "consurf": -0.478,
        "p_con": 1.0,
        "n_con": 1.0,
        "sol_acc": 0,
        "ref_prop": 2,
        "alt_prop": 0,
        "exon": 8,
        "pfam_domain": 1,
        "rel_freq": 0.005813953488372093
    },
    "D923Y": {
        "id": 40,
        "pos": 923,
        "ref": "D",
        "alt": "Y",
        "target": "pathogenic",
        "count": 2,
        "n_pos": 2921,
        "d_to_active_site": 49.33689498901367,
        "d_to_ATP_site": 64.35604095458984,
        "d_to_mg_site_1": 49.69763946533203,
        "d_to_mg_site_2": 50.61085891723633,
        "consurf": -0.516,
        "p_con": 1.0,
        "n_con": 1.0,
        "sol_acc": 0,
        "ref_prop": 0,
        "alt_prop": 1,
        "exon": 20,
        "pfam_domain": 1,
        "rel_freq": 0.011627906976744186
    },
    "V322I": {
        "id": 41,
        "pos": 322,
        "ref": "V",
        "alt": "I",
        "target": "pathogenic",
        "count": 1,
        "n_pos": 1118,
        "d_to_active_site": 50.58942794799805,
        "d_to_ATP_site": 63.5165901184082,
        "d_to_mg_site_1": 49.41037368774414,
        "d_to_mg_site_2": 49.138545989990234,
        "consurf": -0.527,
        "p_con": 1.0,
        "n_con": 1.0,
        "sol_acc": 2,
        "ref_prop": 2,
        "alt_prop": 2,
        "exon": 8,
        "pfam_domain": 1,
        "rel_freq": 0.005813953488372093
    },
    "S772R": {
        "id": 42,
        "pos": 772,
        "ref": "S",
        "alt": "R",
        "target": "pathogenic",
        "count": 2,
        "n_pos": 2470,
        "d_to_active_site": 43.21138000488281,
        "d_to_ATP_site": 57.496646881103516,
        "d_to_mg_site_1": 43.212425231933594,
        "d_to_mg_site_2": 43.41421890258789,
        "consurf": -0.536,
        "p_con": 0.9912950054937786,
        "n_con": 0.9485501049223333,
        "sol_acc": 11,
        "ref_prop": 1,
        "alt_prop": 0,
        "exon": 17,
        "pfam_domain": 0,
        "rel_freq": 0.011627906976744186
    },
    "A320T": {
        "id": 43,
        "pos": 320,
        "ref": "A",
        "alt": "T",
        "target": "pathogenic",
        "count": 1,
        "n_pos": 1112,
        "d_to_active_site": 54.48590850830078,
        "d_to_ATP_site": 67.39907836914062,
        "d_to_mg_site_1": 53.797508239746094,
        "d_to_mg_site_2": 53.17951965332031,
        "consurf": -0.528,
        "p_con": 1.0,
        "n_con": 1.0,
        "sol_acc": 1,
        "ref_prop": 2,
        "alt_prop": 1,
        "exon": 8,
        "pfam_domain": 1,
        "rel_freq": 0.005813953488372093
    },
    "L371P": {
        "id": 44,
        "pos": 371,
        "ref": "L",
        "alt": "P",
        "target": "pathogenic",
        "count": 1,
        "n_pos": 1266,
        "d_to_active_site": 6.290409564971924,
        "d_to_ATP_site": 13.983055114746094,
        "d_to_mg_site_1": 8.286401748657227,
        "d_to_mg_site_2": 11.044172286987305,
        "consurf": -0.478,
        "p_con": 1.0,
        "n_con": 1.0,
        "sol_acc": 14,
        "ref_prop": 2,
        "alt_prop": 2,
        "exon": 9,
        "pfam_domain": 0,
        "rel_freq": 0.005813953488372093
    },
    "G755C": {
        "id": 45,
        "pos": 755,
        "ref": "G",
        "alt": "C",
        "target": "pathogenic",
        "count": 4,
        "n_pos": 2417,
        "d_to_active_site": 18.139211654663086,
        "d_to_ATP_site": 33.54092025756836,
        "d_to_mg_site_1": 19.13947868347168,
        "d_to_mg_site_2": 20.693477630615234,
        "consurf": -0.476,
        "p_con": 1.0,
        "n_con": 1.0,
        "sol_acc": 1,
        "ref_prop": 2,
        "alt_prop": 1,
        "exon": 16,
        "pfam_domain": 0,
        "rel_freq": 0.023255813953488372
    },
    "R756H": {
        "id": 46,
        "pos": 756,
        "ref": "R",
        "alt": "H",
        "target": "pathogenic",
        "count": 1,
        "n_pos": 2421,
        "d_to_active_site": 21.417451858520508,
        "d_to_ATP_site": 36.97149658203125,
        "d_to_mg_site_1": 22.468265533447266,
        "d_to_mg_site_2": 24.398515701293945,
        "consurf": -0.515,