{
    "G358C": {
        "id": 1,
        "pos": 358,
        "ref": "G",
        "alt": "C",
        "target": "pathogenic",
        "count": 1,
        "n_pos": 1226,
        "d_to_active_site": 22.504053115844727,
        "d_to_ATP_site": 36.69196701049805,
        "d_to_mg_site_1": 22.35810089111328,
        "d_to_mg_site_2": 22.61197280883789,
        "consurf": -0.476,
        "p_con": 1.0,
        "n_con": 1.0,
        "sol_acc": 3,
        "ref_prop": 2,
        "alt_prop": 1,
        "exon": 9,
        "pfam_domain": 0,
        "rel_freq": 0.005813953488372093
    },
    "D805H": {
        "id": 2,
        "pos": 805,
        "ref": "D",
        "alt": "H",
        "target": "pathogenic",
        "count": 1,
        "n_pos": 2567,
        "d_to_active_site": 50.74925994873047,
        "d_to_ATP_site": 64.68319702148438,
        "d_to_mg_site_1": 49.400333404541016,
        "d_to_mg_site_2": 50.247798919677734,
        "consurf": -0.382,
        "p_con": 1.0,
        "n_con": 1.0,
        "sol_acc": 30,
        "ref_prop": 0,
        "alt_prop": 1,
        "exon": 17,
        "pfam_domain": 1,
        "rel_freq": 0.005813953488372093
    },
    "S137Y": {
        "id": 3,
        "pos": 137,
        "ref": "S",
        "alt": "Y",
        "target": "pathogenic",
        "count": 4,
        "n_pos": 564,
        "d_to_active_site": 44.4290657043457,
        "d_to_ATP_site": 56.88623046875,
        "d_to_mg_site_1": 41.23472213745117,
        "d_to_mg_site_2": 42.51844787597656,
        "consurf": -0.536,
        "p_con": 1.0,
        "n_con": 1.0,
        "sol_acc": 0,
        "ref_prop": 1,
        "alt_prop": 1,
        "exon": 5,
        "pfam_domain": 0,
        "rel_freq": 0.023255813953488372
    },
    "C333F": {
        "id": 4,
        "pos": 333,
        "ref": "C",
        "alt": "F",
        "target": "pathogenic",
        "count": 3,
        "n_pos": 1152,
        "d_to_active_site": 33.2811279296875,
        "d_to_ATP_site": 46.96319580078125,
        "d_to_mg_site_1": 31.6754207611084,
        "d_to_mg_site_2": 32.523460388183594,
        "consurf": -0.462,
        "p_con": 1.0,
        "n_con": 1.0,
        "sol_acc": 27,
        "ref_prop": 1,
        "alt_prop": 2,
        "exon": 9,
        "pfam_domain": 1,
        "rel_freq": 0.01744186046511628
    },
    "G123R": {
        "id": 5,
        "pos": 123,
        "ref": "G",
        "alt": "R",
        "target": "pathogenic",
        "count": 1,
        "n_pos": 521,
        "d_to_active_site": 64.53660583496094,
        "d_to_ATP_site": 77.23048400878906,
        "d_to_mg_site_1": 62.05301284790039,
        "d_to_mg_site_2": 62.75028991699219,
        "consurf": -0.376,
        "p_con": 1.0,
        "n_con": 1.0,
        "sol_acc": 61,
        "ref_prop": 2,
        "alt_prop": 0,
        "exon": 5,
        "pfam_domain": 0,
        "rel_freq": 0.005813953488372093
    },
    "C927Y": {
        "id": 6,
        "pos": 927,
        "ref": "C",
        "alt": "Y",
        "target": "pathogenic",
        "count": 1,
        "n_pos": 2394,
        "d_to_active_site": 43.88311004638672,
        "d_to_ATP_site": 59.0785026550293,
        "d_to_mg_site_1": 44.35731506347656,
        "d_to_mg_site_2": 45.50773239135742,
        "consurf": -0.462,
        "p_con": 1.0,
        "n_con": 1.0,
        "sol_acc": 0,
        "ref_prop": 1,
        "alt_prop": 1,
        "exon": 16,
        "pfam_domain": 1,
        "rel_freq": 0.005813953488372093
    },
    "T804I": {
        "id": 7,
        "pos": 804,
        "ref": "T",
        "alt": "I",
        "target": "pathogenic",
        "count": 1,
        "n_pos": 2565,
        "d_to_active_site": 50.8089714050293,
        "d_to_ATP_site": 64.79933166503906,
        "d_to_mg_site_1": 49.97118377685547,
        "d_to_mg_site_2": 50.44175720214844,
        "consurf": -0.484,
        "p_con": 1.0,
        "n_con": 1.0,
        "sol_acc": 3,
        "ref_prop": 1,
        "alt_prop": 2,
        "exon": 17,
        "pfam_domain": 1,
        "rel_freq": 0.005813953488372093
    },
    "T771I": {
        "id": 8,
        "pos": 771,
        "ref": "T",
        "alt": "I",
        "target": "pathogenic",
        "count": 1,
        "n_pos": 2466,
        "d_to_active_site": 42.139198303222656,
        "d_to_ATP_site": 56.808624267578125,
        "d_to_mg_site_1": 42.630958557128906,
        "d_to_mg_site_2": 42.993221282958984,
        "consurf": -0.532,
        "p_con": 0.9912950054937786,
        "n_con": 1.0,
        "sol_acc": 0,
        "ref_prop": 1,
        "alt_prop": 2,
        "exon": 17,
        "pfam_domain": 0,
        "rel_freq": 0.005813953488372093
    },
    "A955D": {
        "id": 9,
        "pos": 955,
        "ref": "A",
        "alt": "D",
        "target": "pathogenic",
        "count": 1,
        "n_pos": 3018,
        "d_to_active_site": 54.717987060546875,
        "d_to_ATP_site": 69.74372100830078,
        "d_to_mg_site_1": 53.996620178222656,
        "d_to_mg_site_2": 55.81935119628906,
        "consurf": -0.357,
        "p_con": 0.9752562049483449,
        "n_con": 0.9784647588246355,
        "sol_acc": 14,
        "ref_prop": 2,
        "alt_prop": 0,
        "exon": 21,
        "pfam_domain": 1,
        "rel_freq": 0.005813953488372093
    },
    "I274N": {
        "id": 10,
        "pos": 274,
        "ref": "I",
        "alt": "N",
        "target": "pathogenic",
        "count": 1,
        "n_pos": 975,
        "d_to_active_site": 26.554161071777344,
        "d_to_ATP_site": 36.953392028808594,
        "d_to_mg_site_1": 24.78879737854004,
        "d_to_mg_site_2": 22.951723098754883,
        "consurf": -0.529,
        "p_con": 1.0,
        "n_con": 1.0,
        "sol_acc": 105,
        "ref_prop": 2,
        "alt_prop": 1,
        "exon": 8,
        "pfam_domain": 1,
        "rel_freq": 0.005813953488372093
    },
    "D801N": {
        "id": 11,
        "pos": 801,
        "ref": "D",
        "alt": "N",
        "target": "pathogenic",
        "count": 61,
        "n_pos": 2555,
        "d_to_active_site": 55.2210578918457,
        "d_to_ATP_site": 68.9073715209961,
        "d_to_mg_site_1": 54.10013198852539,
        "d_to_mg_site_2": 54.47925567626953,
        "consurf": -0.453,
        "p_con": 1.0,
        "n_con": 1.0,
        "sol_acc": 14,
        "ref_prop": 0,
        "alt_prop": 1,
        "exon": 17,
        "pfam_domain": 1,
        "rel_freq": 0.3546511627906977
    },
    "D742Y": {
        "id": 12,
        "pos": 742,
        "ref": "D",
        "alt": "Y",
        "target": "pathogenic",
        "count": 1,
        "n_pos": 2378,
        "d_to_active_site": 14.586874008178711,
        "d_to_ATP_site": 26.3870906829834,
        "d_to_mg_site_1": 9.610963821411133,
        "d_to_mg_site_2": 13.563024520874023,
        "consurf": -0.516,
        "p_con": 1.0,
        "n_con": 1.0,
        "sol_acc": 7,
        "ref_prop": 0,
        "alt_prop": 1,
        "exon": 16,
        "pfam_domain": 0,
        "rel_freq": 0.005813953488372093
    },
    "G867D": {
        "id": 13,
        "pos": 867,
        "ref": "G",
        "alt": "D",
        "target": "pathogenic",
        "count": 1,
        "n_pos": 2754,
        "d_to_active_site": 73.31702423095703,
        "d_to_ATP_site": 88.03926086425781,
        "d_to_mg_site_1": 74.15325927734375,
        "d_to_mg_site_2": 74.41614532470703,
        "consurf": -0.476,
        "p_con": 1.0,
        "n_con": 1.0,
        "sol_acc": 0,
        "ref_prop": 2,
        "alt_prop": 0,
        "exon": 19,
        "pfam_domain": 1,
        "rel_freq": 0.005813953488372093
    },
    "G755A": {
        "id": 14,
        "pos": 755,
        "ref": "G",
        "alt": "A",
        "target": "pathogenic",
        "count": 1,
        "n_pos": 2418,
        "d_to_active_site": 18.139211654663086,
        "d_to_ATP_site": 33.54092025756836,
        "d_to_mg_site_1": 19.13947868347168,
        "d_to_mg_site_2": 20.693477630615234,
        "consurf": -0.476,