position,prediction,probability_benign,probability_pathogenic
636,benign,0.9376420205039934,0.062357979496006494
571,benign,0.9859159610277208,0.014084038972279157
820,benign,0.644879116715836,0.35512088328416397
905,pathogenic,0.2720673349675803,0.7279326650324196
491,benign,0.7881202620711105,0.2118797379288896
19,benign,0.999995068085406,4.931914594126687e-06
463,benign,0.999367334556283,0.000632665443716896
492,benign,0.9701683186583465,0.02983168134165346
507,benign,0.9038793894905244,0.09612061050947565
64,benign,0.9841417010212505,0.015858298978749498
830,benign,0.9993722487073418,0.000627751292658269
247,benign,0.9289924141279495,0.07100758587205029
422,benign,0.9700592895551197,0.029940710444880326
642,benign,0.8477119873729648,0.15228801262703492
966,benign,0.9586463328904883,0.04135366710951168
990,benign,0.8394223002226632,0.16057769977733682
636,benign,0.9376420205039934,0.062357979496006494
571,benign,0.9859159610277208,0.014084038972279157
820,benign,0.644879116715836,0.35512088328416397
905,pathogenic,0.2720673349675803,0.7279326650324196
491,benign,0.7881202620711105,0.2118797379288896
19,benign,0.999995068085406,4.931914594126687e-06
463,benign,0.999367334556283,0.000632665443716896
492,benign,0.9701683186583465,0.02983168134165346
507,benign,0.9038793894905244,0.09612061050947565
64,benign,0.9841417010212505,0.015858298978749498
830,benign,0.9993722487073418,0.000627751292658269
247,benign,0.9289924141279495,0.07100758587205029
422,benign,0.9700592895551197,0.029940710444880326
642,benign,0.8477119873729648,0.15228801262703492
966,benign,0.9586463328904883,0.04135366710951168
990,benign,0.8394223002226632,0.16057769977733682
