position,prediction,probability_benign,probability_pathogenic
11,benign,0.999874605514734,0.00012539448526596614
23,benign,0.8210934034422647,0.17890659655773522
56,benign,0.9733517851699565,0.02664821483004361
143,unsure,0.7405083682963299,0.2594916317036699
434,benign,0.9861313736869397,0.013868626313060324
766,unsure,0.3748550625827861,0.6251449374172139
