position,prediction,distance_to_decision_boundary
12,benign,-9.340656935999096
345,benign,-2.0865725551917076
678,benign,-0.6564713702777536
764,benign,-0.07468887234566202
801,pathogenic,1.374036465702475
1000,benign,-0.8248764274106726
