position,prediction,probability benign,probability pathogenic
636,benign,0.9289468216287948,0.07105317837120531
571,benign,0.9969815205486967,0.0030184794513032093
820,unsure,0.5,0.5
905,pathogenic,0.13004068610816244,0.8699593138918377
491,benign,0.9251932434195963,0.07480675658040384
19,benign,0.9999229438854722,7.705611452781742e-05
463,benign,0.9995611935542404,0.000438806445759604
492,benign,0.9780548810831918,0.021945118916808164
507,benign,0.9249298311083177,0.07507016889168228
64,benign,0.5859564389863796,0.4140435610136202
830,benign,0.9995510468830308,0.0004489531169693414
247,benign,0.9827501009081956,0.017249899091804376
422,benign,0.9908912716521149,0.009108728347885106
642,benign,0.689984126357309,0.3100158736426909
966,pathogenic,0.44246216045486875,0.5575378395451313
990,benign,0.602596950162831,0.39740304983716895
636,benign,0.9289468216287948,0.07105317837120531
571,benign,0.9969815205486967,0.0030184794513032093
820,unsure,0.5,0.5
905,pathogenic,0.13004068610816244,0.8699593138918377
491,benign,0.9251932434195963,0.07480675658040384
19,benign,0.9999229438854722,7.705611452781742e-05
463,benign,0.9995611935542404,0.000438806445759604
492,benign,0.9780548810831918,0.021945118916808164
507,benign,0.9249298311083177,0.07507016889168228
64,benign,0.5859564389863796,0.4140435610136202
830,benign,0.9995510468830308,0.0004489531169693414
247,benign,0.9827501009081956,0.017249899091804376
422,benign,0.9908912716521149,0.009108728347885106
642,benign,0.689984126357309,0.3100158736426909
966,pathogenic,0.44246216045486875,0.5575378395451313
990,benign,0.602596950162831,0.39740304983716895
