position,prediction,probability benign,probability pathogenic
333,pathogenic,0.5228542746122142,0.4771457253877859
801,pathogenic,0.29795604780463586,0.7020439521953642
801,pathogenic,0.29795604780463586,0.7020439521953642
818,pathogenic,0.46235509943487485,0.537644900565125
947,benign,0.5436623943330287,0.4563376056669713
802,pathogenic,0.3609971321108629,0.6390028678891372
756,benign,0.6057439626643443,0.3942560373356557
137,pathogenic,0.3799146821166063,0.6200853178833937
613,benign,0.8396061235213158,0.16039387647868408
322,pathogenic,0.3192069286772926,0.6807930713227074
923,pathogenic,0.31563486801561197,0.6843651319843881
923,pathogenic,0.31563486801561197,0.6843651319843881
277,benign,0.6114151748642749,0.388584825135725
815,pathogenic,0.44168408234862455,0.5583159176513754
316,pathogenic,0.25322852863035034,0.7467714713696497
755,benign,0.6556232308409552,0.3443767691590447
755,benign,0.6556232308409552,0.3443767691590447
772,pathogenic,0.3731962669319752,0.6268037330680246
811,pathogenic,0.35866370740664155,0.6413362925933586
771,pathogenic,0.3826238688166066,0.6173761311833933
810,pathogenic,0.356263099077664,0.6437369009223359
