aa_pos,ref_aa,alt_aa,n_pos,ref_n,alt_n,aa_cons,n_cons,count
947,G,R,2993,G,A,0.9841306721142403,1.0,18
992,D,Y,3128,G,T,0.9837442966044865,1.0,1
802,L,P,2559,T,C,1.0,1.0,2
277,E,K,983,G,A,0.9912950054937786,0.9791236908369202,2
129,V,M,539,G,A,1.0,1.0,1
140,Q,L,573,A,T,1.0,1.0,1
358,G,C,1226,G,T,1.0,1.0,1
805,D,H,2567,G,C,1.0,1.0,1
597,R,P,1944,G,C,0.991265429607357,1.0,1
370,T,N,1263,C,A,1.0,1.0,1
923,D,Y,2921,G,T,1.0,1.0,2
613,T,M,1992,C,T,0.9912950054937786,0.9793597659404568,2
358,G,V,1227,G,T,1.0,0.9792030254409524,1
292,L,R,1029,T,G,1.0,1.0,1
137,S,F,564,C,T,1.0,1.0,1
316,G,S,1100,G,A,1.0,1.0,2
815,E,K,2597,G,A,1.0,1.0,37
742,D,Y,2378,G,T,1.0,1.0,1
322,V,D,1119,T,A,1.0,1.0,2
955,A,D,3018,C,A,0.9752562049483449,0.9784647588246355,1
893,G,R,2831,G,A,1.0,1.0,1
947,G,R,2993,G,C,0.9841306721142403,1.0,1
773,N,S,2472,A,G,0.9912950054937786,1.0,1
371,L,P,1266,T,C,1.0,1.0,1
810,I,N,2583,T,A,1.0,1.0,1
771,T,I,2466,C,T,0.9912950054937786,1.0,1
363,I,N,1242,T,A,1.0,1.0,1
316,G,V,1101,G,T,1.0,1.0,1
773,N,I,2472,A,T,0.9912950054937786,1.0,1
772,S,R,2470,C,G,0.9912950054937786,0.9485501049223333,1
756,R,H,2421,G,A,1.0,1.0,1
