aa_pos,ref_aa,alt_aa,n_pos,ref_n,alt_n,aa_cons,n_cons,count
755,G,A,2418,G,C,1.0,1.0,1
756,R,C,2420,C,T,1.0,1.0,5
804,T,I,2565,C,T,1.0,1.0,1
358,G,D,1227,G,A,1.0,0.9792030254409524,1
808,P,L,2577,C,T,1.0,1.0,1
322,V,I,1118,G,A,1.0,1.0,1
333,C,F,1152,G,T,1.0,1.0,3
818,E,K,2606,G,A,1.0,1.0,7
89,G,A,420,G,C,1.0,1.0,1
772,S,R,2470,C,A,0.9912950054937786,0.9485501049223333,1
681,A,T,2195,G,A,0.9912950054937786,0.9585779998728216,1
810,I,S,2583,T,G,1.0,1.0,1
123,G,R,521,G,C,1.0,1.0,1
867,G,D,2754,G,A,1.0,1.0,1
154,M,V,614,A,G,1.0,1.0,1
320,A,T,1112,G,A,1.0,1.0,1
583,D,Y,1901,G,T,0.9757521509947387,1.0,1
801,D,N,2555,G,A,1.0,1.0,60
755,G,C,2417,G,T,1.0,1.0,4
706,G,R,2270,G,A,1.0,1.0,4
927,C,F,2934,G,T,1.0,1.0,1
755,G,S,2417,G,A,1.0,1.0,2
220,D,N,812,G,A,0.9912950054937786,1.0,1
331,T,I,1146,C,T,1.0,1.0,1
137,S,Y,564,C,A,1.0,1.0,4
811,S,P,2585,T,C,1.0,1.0,4
839,L,P,2670,T,C,1.0,1.0,1
923,D,N,2921,G,A,1.0,1.0,5
771,T,N,2466,C,A,0.9912950054937786,1.0,2
274,I,N,975,T,A,1.0,1.0,1
